{
	"class_name" : "PinholeCameraParameters",
	"extrinsic" : 
	[
		0.65546754266787177,
		0.40163797798155843,
		-0.63956957022033734,
		0.0,
		-0.74441547546051723,
		0.48635590308823096,
		-0.4574970332429748,
		0.0,
		0.12731025254799369,
		0.77597994186326535,
		0.61777603500139877,
		0.0,
		-2.0504087775051838,
		-0.53673390666686904,
		2.503224984636125,
		1.0
	],
	"intrinsic" : 
	{
		"height" : 1080,
		"intrinsic_matrix" : 
		[
			935.30743608719411,
			0.0,
			0.0,
			0.0,
			935.30743608719411,
			0.0,
			959.5,
			539.5,
			1.0
		],
		"width" : 1920
	},
	"version_major" : 1,
	"version_minor" : 0
}