{"cam_matrix_tracker": [[1135.0753346316967, 0.0, 949.8233062321654], [0.0, 1134.927325359958, 522.6541175598875], [0.0, 0.0, 1.0]], "distort_tracker": [[0.03175475673529777, 0.00951089372179559, -2.261989930997801e-05, -0.0009599977218108664, -0.20476064262716404]], "cam_matrix_depth": [[521.8535956685074, 0.0, 321.18647072679346], [0.0, 521.7098714005657, 233.81475133696395], [0.0, 0.0, 1.0]], "distort_depth": [[0.060876296069908985, -0.2992235572209816, 0.000655201478875865, -0.0019510260461220671, 0.32454596237515076]], "T_mat_depth_in_tracker": [[0.999992884628434, -0.0032247475537818173, -0.001957471766866756, -4.213514215835683], [0.003356916239727826, 0.9974159255830966, 0.07176491138832784, -32.2749132841966], [0.0017209897917053053, -0.07177097182308091, 0.9974196538056124, 4.494363947467718], [0.0, 0.0, 0.0, 1.0]]}