{
	"class_name" : "PinholeCameraParameters",
	"extrinsic" : 
	[
		0.52779704672913363,
		-0.53780167576342741,
		0.65741891896267646,
		0.0,
		0.84936935199775787,
		0.33290565672642081,
		-0.40956748846369556,
		0.0,
		0.0014076046723502655,
		0.7745599920378019,
		0.63249888330611825,
		0.0,
		2.5846451804611652,
		-0.84299766366731665,
		2.5736376337933837,
		1.0
	],
	"intrinsic" : 
	{
		"height" : 1080,
		"intrinsic_matrix" : 
		[
			935.30743608719376,
			0.0,
			0.0,
			0.0,
			935.30743608719376,
			0.0,
			959.5,
			539.5,
			1.0
		],
		"width" : 1920
	},
	"version_major" : 1,
	"version_minor" : 0
}