{
	"class_name" : "PinholeCameraParameters",
	"extrinsic" : 
	[
		0.1404585102301952,
		0.50268110456537007,
		-0.85298482636964523,
		0.0,
		-0.98989545106475707,
		0.054372333048233114,
		-0.13096047251057658,
		0.0,
		-0.01945257991155977,
		0.86276031231845129,
		0.50523879564316199,
		0.0,
		-0.82399537994622429,
		-1.4017818902960764,
		1.6370442699372501,
		1.0
	],
	"intrinsic" : 
	{
		"height" : 480,
		"intrinsic_matrix" : 
		[
			415.69219381653073,
			0.0,
			0.0,
			0.0,
			415.69219381653073,
			0.0,
			319.5,
			239.5,
			1.0
		],
		"width" : 640
	},
	"version_major" : 1,
	"version_minor" : 0
}